{
  "project_info": {
    "project_number": "656465495373",
    "firebase_url": "https://eatneat-d3251.firebaseio.com",
    "project_id": "eatneat-d3251",
    "storage_bucket": "eatneat-d3251.appspot.com"
  },
  "client": [
    {
      "client_info": {
        "mobilesdk_app_id": "1:656465495373:android:98f61cb4714a3e32",
        "android_client_info": {
          "package_name": "srkr.example.com.appfoodiee"
        }
      },
      "oauth_client": [
        {
          "client_id": "656465495373-sf42sh0cfjpb3r2suuqo4a4lo535onhl.apps.googleusercontent.com",
          "client_type": 1,
          "android_info": {
            "package_name": "srkr.example.com.appfoodiee",
            "certificate_hash": "d25edfdd2b9e8340e7e15db9e23ee6cc0441d232"
          }
        },
        {
          "client_id": "656465495373-61o3bn5dm90g234t238ieldslunsqbi4.apps.googleusercontent.com",
          "client_type": 3
        },
        {
          "client_id": "656465495373-61o3bn5dm90g234t238ieldslunsqbi4.apps.googleusercontent.com",
          "client_type": 3
        }
      ],
      "api_key": [
        {
          "current_key": "AIzaSyBzAk1WKEyRGDebAg1FsFnjJABuMTr3gCs"
        }
      ],
      "services": {
        "analytics_service": {
          "status": 1
        },
        "appinvite_service": {
          "status": 2,
          "other_platform_oauth_client": [
            {
              "client_id": "656465495373-61o3bn5dm90g234t238ieldslunsqbi4.apps.googleusercontent.com",
              "client_type": 3
            }
          ]
        },
        "ads_service": {
          "status": 2
        }
      }
    }
  ],
  "configuration_version": "1"
}