{
  "fooddata":[

               {"foodname":"IndianAccent",
                 "foodimage":"indian_accent.jpg",
                 "rating":"4.2",
                 "price":"431"
               },
              {"foodname":"villamaya",
                "foodimage":"villa_maya.jpg",
                "rating":"4.1",
                "price":"230"
              }


  ],
  "biryanidata" : [
    {"name":"chicken Dum Biryani",
      "image":"chickendumbiryani.jpg",
      "rating":"4.3",
      "price":"280"
    },
    {"name":"Chicken Fry Biryani",
      "image":"chickenfrybiryani.jpg",
      "rating":"4.1",
      "price":"240"
    },
    {"name":"chicken joint Biryani",
      "image":"chickenjitbiryani.jpg",
      "rating":"4.6",
      "price":"220"
    },
    {"name":"Egg Biryani",
      "image":"eggbiryani.jpg",
      "rating":"4.2",
      "price":"180"
    },
    {"name":"Kaju Biryani",
      "image":"kajubiryani.jpg",
      "rating":"4.0",
      "price":"240"
    },
    {"name":"Mughalai Biryani",
      "image":"mughalaiybiryani.jpg",
      "rating":"4.8",
      "price":"280"
    },
    {"name":"Mushroom Biryani",
      "image":"mushroombiryani.jpg",
      "rating":"4.2",
      "price":"200"
    },
    {"name":"Mutton Biryani",
      "image":"muttonbiryani.jpg",
      "rating":"4.0",
      "price":"250"
    },
    {"name":"Paneer Biryani",
      "image":"paneerbiryani.jpg",
      "rating":"4.0",
      "price":"200"
    },
    {"name":"Prawns Biryani",
      "image":"prawnbiryani.jpg",
      "rating":"4.1",
      "price":"230"
    },
    {"name":"Special Veg Biryani",
      "image":"splvegbiryani.jpg",
      "rating":"3.8",
      "price":"180"
    },
    {"name":"Veg Biryani",
      "image":"vegbiryani.jpg",
      "rating":"3.6",
      "price":"170"
    }

  ],
  "juicedata":[
                {"name":"Butter Scotch MilkShake",
              "image":"butterscotchmilkshake.jpg",
              "rating":"4.3",
              "price":"280"
            },
            {"name":"Caramel nut MilkShake",
            "image":"caramelnutmilkshake.jpg",
            "rating":"4.1",
            "price":"240"
            },
            {"name":"Choclate MilkShake",
            "image":"choclatemilkshake.jpg",
            "rating":"4.6",
            "price":"220"
            },
            {"name":"Dry Fruit Twist",
            "image":"dryfruittwist.jpg",
            "rating":"4.2",
            "price":"180"
            },
     {"name":"Black current MilkShake",
      "image":"blackcurrentmilkshake.jpg",
      "rating":"4.1",
      "price":"120"
    },{"name":"Valentino MilkShake",
      "image":"valentinomilkshake.jpg",
      "rating":"4.8",
      "price":"150"
    }, {"name":"Vanilla MilkShake",
      "image":"vanillamilkshake.jpg",
      "rating":"4.5",
      "price":"90"
    }
    ],
  "saladdata" : [
  {"name":"Chicken Tikka Salad",
    "image":"chickentikkasalad.jpg",
    "rating":"4.3",
    "price":"280"
  },
  {"name":"Chilli Panner",
    "image":"chilipaneer.jpg",
    "rating":"4.1",
    "price":"240"
  },
  {"name":"Tomato Peach Salad",
    "image":"tomaopeachsalad.jpeg",
    "rating":"4.6",
    "price":"220"
  },
  {"name":"Crispy Chicken Salad",
    "image":"crispychickensalad.jpg",
    "rating":"4.2",
    "price":"180"
  },
  {"name":"Green Salad",
    "image":"greensalad.jpg",
    "rating":"4.0",
    "price":"240"
  },

  {"name":"Panner 65",
    "image":"paneer65.jpg",
    "rating":"4.2",
    "price":"200"
  },
  {"name":"Veg Dumplings",
    "image":"vegdumplings.jpg",
    "rating":"4.0",
    "price":"250"
  }

],
  "icecreamdata" : [
    {"name":"Banana Split",
      "image":"bananasplit.jpg",
      "rating":"4.3",
      "price":"280"
    },
    {"name":"Churn Mocha",
      "image":"churnmocha.jpg",
      "rating":"4.1",
      "price":"240"
    },
    {"name":"Brownie Ala Mode",
      "image":"BrownieAlaMode.jpg",
      "rating":"4.6",
      "price":"220"
    },
    {"name":"Dry Friut Icecrema",
      "image":"dryfriuticecrema.jpg",
      "rating":"4.2",
      "price":"180"
    },
    {"name":"Iceboxcake",
      "image":"iceboxcake.jpg",
      "rating":"4.0",
      "price":"240"
    },

    {"name":"Mikes Ice",
      "image":"mikesice.jpg",
      "rating":"4.2",
      "price":"200"
    },
    {"name":"WaffleBowl Sundae",
      "image":"WaffleBowlSundae.jpg",
      "rating":"4.0",
      "price":"250"
    }
  ],
  "starterdata" : [
    {"name":"Lemon Coriander Soup",
      "image":"lemoncoriandersoup.jpg",
      "rating":"4.3",
      "price":"120"
    },
    {"name":"Lung Fung Chickensoup",
      "image":"lungfungchickensoup.jpg",
      "rating":"4.1",
      "price":"240"
    },
    {"name":"clear chicken soup",
      "image":"clearchickensoup.jpg",
      "rating":"4.6",
      "price":"120"
    },
    {"name":"manchow chickensoup",
      "image":"manchowchickensoup.jpg",
      "rating":"4.2",
      "price":"180"
    },
    {"name":"cheese roll",
      "image":"cheese roll.jpg",
      "rating":"4.0",
      "price":"140"
    },
    {"name":"paneer roll",
      "image":"paneer roll.jpg",
      "rating":"4.8",
      "price":"180"
    },
    {"name":"swiss vegroll",
      "image":"swissvegroll.jpg",
      "rating":"4.2",
      "price":"100"
    },
    {"name":"cheese naan",
      "image":"cheesenaan.jpg",
      "rating":"4.0",
      "price":"50"
    },
    {"name":"Butter naan",
      "image":"butteraan.jpg",
      "rating":"4.0",
      "price":"20"
    }

  ]

}