{
"jsondata" : [
				{"restaurantname":"IndianAccent",
				"restaurantimage":"indian_accent.jpg"
				},
				{"restaurantname":"villamaya",
				"restaurantimage":"villa_maya.jpg"
				}


			],
  "fooddata":[

               {"foodname":"IndianAccent",
                 "foodimage":"indian_accent.jpg",
                 "rating":"4.2",
                 "price":"431"
               },
              {"foodname":"villamaya",
                "foodimage":"villa_maya.jpg",
                "rating":"4.1",
                "price":"230"
              }


  ]

}